city-contact	-	fal-ai/kling-video/v3/pro/image-to-video	01a0a31b-663a-70f0-9c5d-c16c02fd2545	24
city-education	-	fal-ai/kling-video/v3/pro/image-to-video	01a0a31b-3510-78e0-9e92-0f92d167371d	24
city-projects	-	fal-ai/kling-video/v3/pro/image-to-video	01a0a31b-5578-72f0-8f8b-a2a4e569734c	24
city-work	-	fal-ai/kling-video/v3/pro/image-to-video	01a0a31b-487d-7c62-b77c-1cbe1aa065a4	24
contact-city	-	fal-ai/kling-video/v3/pro/image-to-video	01a0a31d-b5b5-7ab2-a1e2-542d315fb888	24
contact-education	-	fal-ai/kling-video/v3/pro/image-to-video	01a0a31d-029e-78b0-ade1-c141b94630d6	24
contact-projects	-	fal-ai/kling-video/v3/pro/image-to-video	01a0a31d-2544-7ac3-b2f9-ca0f3507fa8c	24
contact-work	-	fal-ai/kling-video/v3/pro/image-to-video	01a0a31d-0ed6-7232-a273-20f65d33b810	24
education-city	-	fal-ai/kling-video/v3/pro/image-to-video	01a0a31c-3ec8-7f50-b248-aaf9779c248a	24
education-contact	-	fal-ai/kling-video/v3/pro/image-to-video	01a0a31c-6a79-7eb1-a966-a1e2b0924393	24
education-projects	-	fal-ai/kling-video/v3/pro/image-to-video	01a0a31c-56cd-7903-8688-19141bf64f12	24
education-work	-	fal-ai/kling-video/v3/pro/image-to-video	01a0a31c-4971-79d2-94fa-a9e511028db1	24
projects-city	-	fal-ai/kling-video/v3/pro/image-to-video	01a0a31c-aa34-7e81-8e53-ac3c636d29c7	24
projects-contact	-	fal-ai/kling-video/v3/pro/image-to-video	01a0a31c-ede0-76f2-b42d-089aa7083335	24
projects-education	-	fal-ai/kling-video/v3/pro/image-to-video	01a0a31c-b9e8-7002-a6c2-f38bb5f29684	24
projects-work	-	fal-ai/kling-video/v3/pro/image-to-video	01a0a31c-cd81-7b50-9453-3708c751d2d3	24
work-city	-	fal-ai/kling-video/v3/pro/image-to-video	01a0a31c-754d-7b90-9989-a46ac838677b	24
work-contact	-	fal-ai/kling-video/v3/pro/image-to-video	01a0a31c-9ec7-71d3-b2cb-d0204d9d4487	24
work-education	-	fal-ai/kling-video/v3/pro/image-to-video	01a0a31c-85cc-76d0-8e28-3f16568fb569	24
work-projects	-	fal-ai/kling-video/v3/pro/image-to-video	01a0a31c-9344-7c11-a626-8076d9ee4390	24
