2026-09-14T15:04:16Z	contact-city	fal-ai/kling-video/o1/image-to-video	5	01a0a071-0b96-7e83-8897-e3b8f627d625	8b336e0f
2026-09-14T15:04:16Z	city-education	fal-ai/kling-video/o1/image-to-video	5	01a0a071-0c84-79d2-a774-69ea0591fd9d	a62df1c7
2026-09-14T15:04:19Z	projects-contact	fal-ai/kling-video/o1/image-to-video	5	01a0a071-0888-73e0-870e-a63ab07f1617	deb6212c
2026-09-14T15:09:42Z	city-contact	fal-ai/kling-video/o1/image-to-video	5	01a0a075-fa6b-79b0-b7f7-2c9f3520c17d	b3473dc1
2026-09-14T15:09:42Z	city-projects	fal-ai/kling-video/o1/image-to-video	5	01a0a075-fa5c-7860-9a60-dfcaaea699ca	ae7e69de
2026-09-14T15:09:47Z	education-projects	fal-ai/kling-video/o1/image-to-video	5	01a0a075-fa67-7b32-91f5-ffb05452d86d	f2ea9584
2026-09-14T15:09:52Z	education-contact	fal-ai/kling-video/o1/image-to-video	5	01a0a075-fa5c-7cc0-8271-8425886cc26b	12c5856b
2026-09-14T15:13:59Z	education-work	fal-ai/kling-video/o1/image-to-video	5	01a0a079-f9ee-7ad2-85a0-ae7a780616f6	f5876494
2026-09-14T15:14:09Z	city-work	fal-ai/kling-video/o1/image-to-video	5	01a0a079-f986-7661-b37c-823aa4ca0776	ef50f1f2
2026-09-14T15:14:14Z	work-contact	fal-ai/kling-video/o1/image-to-video	5	01a0a079-f8fe-7af2-bf75-900de6e2c86e	b01ed4e3
2026-09-14T15:14:14Z	work-projects	fal-ai/kling-video/o1/image-to-video	5	01a0a079-f9c8-7182-a453-4f3e6f888427	f3f188e6
2026-09-14T15:30:45Z	education-work	fal-ai/kling-video/o1/image-to-video	5	01a0a089-2d36-7423-a39d-5595e9d76a31	f5876494
2026-09-14T15:30:51Z	work-contact	fal-ai/kling-video/o1/image-to-video	5	01a0a089-2d36-7423-a39d-55808c4d5873	b01ed4e3
2026-09-14T15:30:56Z	city-work	fal-ai/kling-video/o1/image-to-video	5	01a0a089-2d48-73f0-84a1-f6abd765b28a	ef50f1f2
2026-09-14T15:31:01Z	work-projects	fal-ai/kling-video/o1/image-to-video	5	01a0a089-2d3a-7503-a877-57effb8025eb	f3f188e6
